{
  "timestamp": "20260407_164242",
  "experiment": {
    "model": "meta-llama/Meta-Llama-3-8B-Instruct",
    "inference_mode": "zero_shot",
    "problem_set": "NineGrid",
    "n_problems": 2,
    "difficulty_filter": {
      "preset": "medium",
      "missing_cells": [
        36,
        49
      ],
      "initial_resolution_rate": [
        0.2,
        0.5
      ]
    },
    "n_few_shot": 0,
    "max_new_tokens": 512,
    "device": "auto",
    "notes": "test Llama run"
  },
  "dataset_difficulty_summary": {
    "missing_cells": {
      "min": 42.0,
      "max": 44.0,
      "mean": 43.0,
      "median": 43.0
    },
    "given_ratio": {
      "min": 0.45679,
      "max": 0.481481,
      "mean": 0.4691355,
      "median": 0.4691355
    },
    "naked_singles_count": {
      "min": 4.0,
      "max": 8.0,
      "mean": 6.0,
      "median": 6.0
    },
    "hidden_singles_count": {
      "min": 10.0,
      "max": 15.0,
      "mean": 12.5,
      "median": 12.5
    },
    "initial_resolution_rate": {
      "min": 0.428571,
      "max": 0.431818,
      "mean": 0.4301945,
      "median": 0.4301945
    }
  },
  "aggregate_metrics": {
    "exact_match_rate": 0.0,
    "mean_cell_accuracy": 0.6358024691358024,
    "mean_row_accuracy": 0.1111111111111111,
    "mean_col_accuracy": 0.1111111111111111,
    "format_validity_rate": 1.0,
    "mean_inference_time_s": 28.280232867226005,
    "mean_perplexity": null
  },
  "position_accuracy_map": {
    "0,0": 0.0,
    "0,1": 1.0,
    "0,2": 1.0,
    "0,3": 0.5,
    "0,4": 0.5,
    "0,5": 0.5,
    "0,6": 0.0,
    "0,7": 0.5,
    "0,8": 0.5,
    "1,0": 0.0,
    "1,1": 1.0,
    "1,2": 0.5,
    "1,3": 0.5,
    "1,4": 0.5,
    "1,5": 1.0,
    "1,6": 1.0,
    "1,7": 1.0,
    "1,8": 0.5,
    "2,0": 0.5,
    "2,1": 0.0,
    "2,2": 0.0,
    "2,3": 1.0,
    "2,4": 1.0,
    "2,5": 1.0,
    "2,6": 0.5,
    "2,7": 0.5,
    "2,8": 0.5,
    "3,0": 0.5,
    "3,1": 1.0,
    "3,2": 1.0,
    "3,3": 0.5,
    "3,4": 1.0,
    "3,5": 1.0,
    "3,6": 1.0,
    "3,7": 0.5,
    "3,8": 1.0,
    "4,0": 1.0,
    "4,1": 0.5,
    "4,2": 1.0,
    "4,3": 1.0,
    "4,4": 1.0,
    "4,5": 1.0,
    "4,6": 0.5,
    "4,7": 0.5,
    "4,8": 0.5,
    "5,0": 0.0,
    "5,1": 0.5,
    "5,2": 0.5,
    "5,3": 1.0,
    "5,4": 0.5,
    "5,5": 0.0,
    "5,6": 1.0,
    "5,7": 0.5,
    "5,8": 0.5,
    "6,0": 0.0,
    "6,1": 1.0,
    "6,2": 0.5,
    "6,3": 0.5,
    "6,4": 1.0,
    "6,5": 0.5,
    "6,6": 0.0,
    "6,7": 1.0,
    "6,8": 0.5,
    "7,0": 1.0,
    "7,1": 0.5,
    "7,2": 1.0,
    "7,3": 1.0,
    "7,4": 0.5,
    "7,5": 0.5,
    "7,6": 0.0,
    "7,7": 0.0,
    "7,8": 0.5,
    "8,0": 0.5,
    "8,1": 0.5,
    "8,2": 1.0,
    "8,3": 0.5,
    "8,4": 1.0,
    "8,5": 0.5,
    "8,6": 1.0,
    "8,7": 1.0,
    "8,8": 1.0
  },
  "per_problem": [
    {
      "problem_id": "0",
      "exact_match": false,
      "cell_accuracy": 0.5802469135802469,
      "row_accuracy": 0.1111111111111111,
      "col_accuracy": 0.0,
      "format_valid": true,
      "inference_time_s": 28.970707645639777,
      "perplexity": null
    },
    {
      "problem_id": "3",
      "exact_match": false,
      "cell_accuracy": 0.691358024691358,
      "row_accuracy": 0.1111111111111111,
      "col_accuracy": 0.2222222222222222,
      "format_valid": true,
      "inference_time_s": 27.589758088812232,
      "perplexity": null
    }
  ]
}