{
  "timestamp": "20260409_170128",
  "experiment": {
    "model": "meta-llama/Meta-Llama-3-8B-Instruct",
    "inference_mode": "zero_shot",
    "problem_set": "NineGrid",
    "n_problems": 5,
    "difficulty_filter": {
      "preset": "medium",
      "missing_cells": [
        36,
        49
      ],
      "initial_resolution_rate": [
        0.2,
        0.5
      ]
    },
    "n_few_shot": 0,
    "max_new_tokens": 512,
    "device": "auto",
    "notes": "test llama run"
  },
  "dataset_difficulty_summary": {
    "missing_cells": {
      "min": 42.0,
      "max": 45.0,
      "mean": 43.6,
      "median": 44.0
    },
    "given_ratio": {
      "min": 0.444444,
      "max": 0.481481,
      "mean": 0.4617281999999999,
      "median": 0.45679
    },
    "naked_singles_count": {
      "min": 4.0,
      "max": 8.0,
      "mean": 5.8,
      "median": 6.0
    },
    "hidden_singles_count": {
      "min": 9.0,
      "max": 16.0,
      "mean": 12.8,
      "median": 14.0
    },
    "initial_resolution_rate": {
      "min": 0.363636,
      "max": 0.465116,
      "mean": 0.426717,
      "median": 0.431818
    }
  },
  "aggregate_metrics": {
    "exact_match_rate": 0.0,
    "mean_cell_accuracy": 0.6370370370370371,
    "mean_row_accuracy": 0.06666666666666667,
    "mean_col_accuracy": 0.08888888888888888,
    "format_validity_rate": 1.0,
    "mean_inference_time_s": 1483.2549237448723,
    "mean_perplexity": null
  },
  "position_accuracy_map": {
    "0,0": 0.6,
    "0,1": 0.8,
    "0,2": 0.8,
    "0,3": 0.6,
    "0,4": 0.8,
    "0,5": 0.8,
    "0,6": 0.6,
    "0,7": 0.8,
    "0,8": 0.8,
    "1,0": 0.0,
    "1,1": 0.8,
    "1,2": 0.4,
    "1,3": 0.6,
    "1,4": 0.6,
    "1,5": 0.8,
    "1,6": 1.0,
    "1,7": 1.0,
    "1,8": 0.6,
    "2,0": 0.4,
    "2,1": 0.4,
    "2,2": 0.4,
    "2,3": 0.4,
    "2,4": 1.0,
    "2,5": 0.6,
    "2,6": 0.4,
    "2,7": 0.8,
    "2,8": 0.6,
    "3,0": 0.6,
    "3,1": 0.4,
    "3,2": 0.8,
    "3,3": 0.6,
    "3,4": 0.8,
    "3,5": 0.8,
    "3,6": 0.6,
    "3,7": 0.4,
    "3,8": 0.6,
    "4,0": 0.8,
    "4,1": 0.4,
    "4,2": 0.6,
    "4,3": 0.8,
    "4,4": 0.8,
    "4,5": 0.6,
    "4,6": 0.6,
    "4,7": 0.8,
    "4,8": 0.8,
    "5,0": 0.0,
    "5,1": 0.6,
    "5,2": 0.8,
    "5,3": 0.6,
    "5,4": 0.8,
    "5,5": 0.2,
    "5,6": 1.0,
    "5,7": 0.8,
    "5,8": 0.8,
    "6,0": 0.2,
    "6,1": 0.8,
    "6,2": 0.8,
    "6,3": 0.8,
    "6,4": 1.0,
    "6,5": 0.4,
    "6,6": 0.2,
    "6,7": 0.6,
    "6,8": 0.8,
    "7,0": 0.6,
    "7,1": 0.6,
    "7,2": 0.4,
    "7,3": 1.0,
    "7,4": 0.6,
    "7,5": 0.6,
    "7,6": 0.2,
    "7,7": 0.6,
    "7,8": 0.2,
    "8,0": 0.2,
    "8,1": 0.6,
    "8,2": 0.8,
    "8,3": 0.8,
    "8,4": 0.8,
    "8,5": 0.8,
    "8,6": 0.6,
    "8,7": 0.8,
    "8,8": 1.0
  },
  "per_problem": [
    {
      "problem_id": "0",
      "exact_match": false,
      "cell_accuracy": 0.5802469135802469,
      "row_accuracy": 0.1111111111111111,
      "col_accuracy": 0.0,
      "format_valid": true,
      "inference_time_s": 1411.2381613878533,
      "perplexity": null
    },
    {
      "problem_id": "3",
      "exact_match": false,
      "cell_accuracy": 0.691358024691358,
      "row_accuracy": 0.1111111111111111,
      "col_accuracy": 0.2222222222222222,
      "format_valid": true,
      "inference_time_s": 1424.3413054049015,
      "perplexity": null
    },
    {
      "problem_id": "5",
      "exact_match": false,
      "cell_accuracy": 0.6296296296296297,
      "row_accuracy": 0.0,
      "col_accuracy": 0.1111111111111111,
      "format_valid": true,
      "inference_time_s": 1487.2546064555645,
      "perplexity": null
    },
    {
      "problem_id": "7",
      "exact_match": false,
      "cell_accuracy": 0.6296296296296297,
      "row_accuracy": 0.0,
      "col_accuracy": 0.1111111111111111,
      "format_valid": true,
      "inference_time_s": 1546.4727559396997,
      "perplexity": null
    },
    {
      "problem_id": "8",
      "exact_match": false,
      "cell_accuracy": 0.654320987654321,
      "row_accuracy": 0.1111111111111111,
      "col_accuracy": 0.0,
      "format_valid": true,
      "inference_time_s": 1546.967789536342,
      "perplexity": null
    }
  ]
}